Email,Password,Gender,First Name,Last Name,Contact
Monika_Khanna@taskpinch.com,cc03e747a6afbbcbf8be7668acfebee5,female,Monika,Khanna,9066881139
Megha_KV@taskpinch.com,cc03e747a6afbbcbf8be7668acfebee5,female,Megha,KV,9066881139
Vineet_Sharma@taskpinch.com,cc03e747a6afbbcbf8be7668acfebee5,male,Vineet,Sharma,9066881139
Jitendra_Kumar@taskpinch.com,cc03e747a6afbbcbf8be7668acfebee5,male,Jitendra,Kumar,9066881139
Jitendra_Kumar@taskpinch.com,cc03e747a6afbbcbf8be7668acfebee5,male,Jitendra,Kumar,9066881139
Ahemad_Sayyed@taskpinch.com,cc03e747a6afbbcbf8be7668acfebee5,male,Ahemad,Sayyed,9066881139
Nagendra_Setty@taskpinch.com,cc03e747a6afbbcbf8be7668acfebee5,male,Nagendra,Setty,9066881139
Pradip_Solanke@taskpinch.com,cc03e747a6afbbcbf8be7668acfebee5,male,Pradip,Solanke,9066881139
Ilyaz_Ahmed@taskpinch.com,cc03e747a6afbbcbf8be7668acfebee5,male,Ilyaz,Ahmed,9066881139
Vinayak_Shetty@taskpinch.com,cc03e747a6afbbcbf8be7668acfebee5,male,Vinayak,Shetty,9066881139
Sunethra_Rao@taskpinch.com,cc03e747a6afbbcbf8be7668acfebee5,female,Sunethra,Rao,9066881139
Rama_JV@taskpinch.com,cc03e747a6afbbcbf8be7668acfebee5,male,Rama,JV,9066881139
Ramana_Reddy@taskpinch.com,cc03e747a6afbbcbf8be7668acfebee5,male,Ramana,Reddy,9066881139
Sreenivasulu_Rao@taskpinch.com,cc03e747a6afbbcbf8be7668acfebee5,male,Sreenivasulu,Rao,9066881139
Ven_Key@taskpinch.com,cc03e747a6afbbcbf8be7668acfebee5,male,Ven,Key,9066881139
Kavya_Raj@taskpinch.com,cc03e747a6afbbcbf8be7668acfebee5,female,Kavya,Raj,9066881139
Nitin_Kumar@taskpinch.com,cc03e747a6afbbcbf8be7668acfebee5,male,Nitin,Kumar,9066881139
Anu_Gopal@taskpinch.com,cc03e747a6afbbcbf8be7668acfebee5,male,Anu,Gopal,9066881139
Syed_Tabrez@taskpinch.com,cc03e747a6afbbcbf8be7668acfebee5,male,Syed,Tabrez,9066881139
Senthilraja_Seenu@taskpinch.com,cc03e747a6afbbcbf8be7668acfebee5,male,Senthilraja,Seenu,9066881139
Adi_Sankar@taskpinch.com,cc03e747a6afbbcbf8be7668acfebee5,male,Adi,Sankar,9066881139
Krishna_Chaitanya@taskpinch.com,cc03e747a6afbbcbf8be7668acfebee5,male,Krishna,Chaitanya,9066881139
Jagadeesh_Patil@taskpinch.com,cc03e747a6afbbcbf8be7668acfebee5,male,Jagadeesh,Patil,9066881139
Purushotham_Reddy@taskpinch.com,cc03e747a6afbbcbf8be7668acfebee5,male,Purushotham,Reddy,9066881139
sat111@taskpinch.com,cc03e747a6afbbcbf8be7668acfebee5,male,Satvik,Reddy,9066881139
Sreekanth_Reddy@taskpinch.com,cc03e747a6afbbcbf8be7668acfebee5,male,Sreekanth,Reddy,9066881139
Vasanth_Reddy@taskpinch.com,cc03e747a6afbbcbf8be7668acfebee5,male,Vasanth,Reddy,9066881139
Laddu_KC@taskpinch.com,cc03e747a6afbbcbf8be7668acfebee5,male,Laddu,KC,9066881139
Raj_Urf@taskpinch.com,cc03e747a6afbbcbf8be7668acfebee5,male,Raj,Urf,9066881139
Arun_Kumar@taskpinch.com,cc03e747a6afbbcbf8be7668acfebee5,male,Arun,Kumar,9066881139
Cijo_George@taskpinch.com,cc03e747a6afbbcbf8be7668acfebee5,male,Cijo,George,9066881139
Shailesh_KV@taskpinch.com,cc03e747a6afbbcbf8be7668acfebee5,male,Shailesh,KV,9066881139
Akshay_Shinde@taskpinch.com,cc03e747a6afbbcbf8be7668acfebee5,male,Akshay,Shinde,9066881139
Sandeep_Singh@taskpinch.com,cc03e747a6afbbcbf8be7668acfebee5,male,Sandeep,Singh,9066881139
Hari_Ranjith@taskpinch.com,cc03e747a6afbbcbf8be7668acfebee5,male,Hari,Ranjith,9066881139
Nishank_Sharma@taskpinch.com,cc03e747a6afbbcbf8be7668acfebee5,male,Nishank,Sharma,9066881139
Mohan_Rao@taskpinch.com,cc03e747a6afbbcbf8be7668acfebee5,male,Mohan,Rao,9066881139
Sachin_Kumar@taskpinch.com,cc03e747a6afbbcbf8be7668acfebee5,male,Sachin,Kumar,9066881139
Bala_Rama@taskpinch.com,cc03e747a6afbbcbf8be7668acfebee5,male,Bala,Rama,9066881139
Charan_Rathod@taskpinch.com,cc03e747a6afbbcbf8be7668acfebee5,male,Charan,Rathod,9066881139
Vijaya_Kumar@taskpinch.com,cc03e747a6afbbcbf8be7668acfebee5,male,Vijaya,Kumar,9066881139
Abhay_Shetty@taskpinch.com,cc03e747a6afbbcbf8be7668acfebee5,male,Abhay,Shetty,9066881139
Ravi_Teja@taskpinch.com,cc03e747a6afbbcbf8be7668acfebee5,male,Ravi,Teja,9066881139
Narayana_Rao@taskpinch.com,cc03e747a6afbbcbf8be7668acfebee5,male,Narayana,Rao,9066881139
Sarath_Radhakrishna@taskpinch.com,cc03e747a6afbbcbf8be7668acfebee5,male,Sarath,Radhakrishna,9066881139
Omkar_Mangale@taskpinch.com,cc03e747a6afbbcbf8be7668acfebee5,male,Omkar,Mangale,9066881139
Harsha_Jadav@taskpinch.com,cc03e747a6afbbcbf8be7668acfebee5,male,Harsha,Jadav,9066881139
Amol_Bhale@taskpinch.com,cc03e747a6afbbcbf8be7668acfebee5,male,Amol,Bhale,9066881139
Feroz_Khan@taskpinch.com,cc03e747a6afbbcbf8be7668acfebee5,male,Feroz,Khan,9066881139
Prasad_Joshi@taskpinch.com,cc03e747a6afbbcbf8be7668acfebee5,male,Prasad,Joshi,9066881139
Mazher_Shaikh@taskpinch.com,cc03e747a6afbbcbf8be7668acfebee5,male,Mazher,Shaikh,9066881139
Ariga_Praveen@taskpinch.com,cc03e747a6afbbcbf8be7668acfebee5,male,Ariga,Praveen,9066881139
Datta_Patil@taskpinch.com,cc03e747a6afbbcbf8be7668acfebee5,male,Datta,Patil,9066881139
Sharad_Yadav@taskpinch.com,cc03e747a6afbbcbf8be7668acfebee5,male,Sharad,Yadav,9066881139
Venkata_Subbu@taskpinch.com,cc03e747a6afbbcbf8be7668acfebee5,male,Venkata,Subbu,9066881139
Nilaland@taskpinch.com,cc03e747a6afbbcbf8be7668acfebee5,male,Nilesh,Aland,9066881139
Satya_Praveen@taskpinch.com,cc03e747a6afbbcbf8be7668acfebee5,male,Satya,Praveen,9066881139
Rudra_Swamy@taskpinch.com,cc03e747a6afbbcbf8be7668acfebee5,male,Rudra,Swamy,9066881139
Anirban_Ganguly@taskpinch.com,cc03e747a6afbbcbf8be7668acfebee5,male,Anirban,Ganguly,9066881139
Abul_786@taskpinch.com,cc03e747a6afbbcbf8be7668acfebee5,male,Abul,Khan,9066881139
